DeviceSN	40001
LaserWavelength_nm	785
Exposure_ms	1000
GainMultiplier	1
LaserCurrent_mA	344
LaserPower_mW	17.9881744
RepetitionCount	50
Tags	
50	0.00032025954
51	0.00138437294
52	0.00165963569
53	0.00202066777
54	0.00228713173
55	0.00179999589
56	0.000180153816
57	-0.00123891339
58	-0.00146907603
59	-0.00108391501
60	-0.000441152602
61	0.00112615118
62	0.00370014529
63	0.00523266615
64	0.0056652585
65	0.00599925825
66	0.00612774212
67	0.00603868533
68	0.00598231284
69	0.00627350202
70	0.00717482949
71	0.00810220093
72	0.00831982773
73	0.00776452618
74	0.00729272282
75	0.00810240116
76	0.0106657203
77	0.0126514444
78	0.0120758684
79	0.0100493059
80	0.00868345145
81	0.00926537067
82	0.0106994817
83	0.0116841346
84	0.011976622
85	0.0120612206
86	0.0120461378
87	0.0125561841
88	0.0131029468
89	0.0127969366
90	0.0118198823
91	0.010904735
92	0.0104700346
93	0.00975781307
94	0.00904954411
95	0.0085787503
96	0.0080794571
97	0.00792978145
98	0.00918002427
99	0.0117400922
100	0.013226443
101	0.0125977136
102	0.0113373045
103	0.010812385
104	0.0108623393
105	0.0108016618
106	0.0103111546
107	0.00849077757
108	0.00666817743
109	0.00696551707
110	0.0105248494
111	0.0138754975
112	0.0136040617
113	0.0107784709
114	0.00831656437
115	0.0077268579
116	0.00754028372
117	0.0075850971
118	0.00804803241
119	0.00879660528
120	0.00920202769
121	0.00931579992
122	0.00942324847
123	0.00962357875
124	0.0103121493
125	0.0110649616
126	0.0113308923
127	0.011366969
128	0.011305253
129	0.0109519502
130	0.00998172257
131	0.00930684339
132	0.00997997355
133	0.0115863131
134	0.0124236746
135	0.0111732045
136	0.00912989583
137	0.00851025805
138	0.0110143311
139	0.0142977247
140	0.0152140548
141	0.014497648
142	0.0137070389
143	0.0136612216
144	0.0137236491
145	0.0139943445
146	0.0143739441
147	0.014242623
148	0.0141129084
149	0.0137508577
150	0.0127289733
151	0.0119663812
152	0.0116259977
153	0.0113753388
154	0.0111662056
155	0.0106312539
156	0.010076019
157	0.0102426717
158	0.0121437041
159	0.0139810452
160	0.014073113
161	0.0134971244
162	0.0128632458
163	0.0117695546
164	0.00976451952
165	0.00875712186
166	0.0110091856
167	0.0148975113
168	0.016578503
169	0.0151212951
170	0.0128684575
171	0.0117638567
172	0.0105196219
173	0.00945600122
174	0.00958527997
175	0.010786904
176	0.0120660169
177	0.0135311419
178	0.0161220487
179	0.0175634418
180	0.0162463952
181	0.0137221711
182	0.0122871213
183	0.0122696497
184	0.0125221722
185	0.012244272
186	0.0107976319
187	0.00933300145
188	0.00918396097
189	0.0101139983
190	0.0110967755
191	0.0119902417
192	0.0136964172
193	0.014742719
194	0.0144833867
195	0.0138632292
196	0.0134283574
197	0.0128775584
198	0.0122018605
199	0.011947671
200	0.0128490273
201	0.0139714889
202	0.014278668
203	0.0143144131
204	0.014260388
205	0.0139263254
206	0.0131399967
207	0.0126204593
208	0.0127460146
209	0.0131178247
210	0.0133942412
211	0.0139538692
212	0.0146321766
213	0.0149387904
214	0.0156729557
215	0.0163485352
216	0.0163420029
217	0.0163963195
218	0.0166612286
219	0.0181352682
220	0.021269137
221	0.0231617894
222	0.0229160748
223	0.0224822424
224	0.0233241357
225	0.0285784751
226	0.0347111635
227	0.0365906358
228	0.0365841985
229	0.0362356603
230	0.0359789096
231	0.0356192142
232	0.0352035686
233	0.0335891284
234	0.0305465981
235	0.0290039126
236	0.0287075602
237	0.0283459444
238	0.0279516894
239	0.0253009163
240	0.0221627839
241	0.0208916143
242	0.0196423251
243	0.0186786372
244	0.0189507138
245	0.0203321055
246	0.0210536141
247	0.0202817265
248	0.0191520751
249	0.0187189542
250	0.0194880273
251	0.0204137247
252	0.0201839581
253	0.0185041372
254	0.0170051549
255	0.0174554363
256	0.0195949469
257	0.0210852269
258	0.0200756043
259	0.0178171191
260	0.0166195109
261	0.0173488762
262	0.0186084528
263	0.0190063417
264	0.0184208415
265	0.01768356
266	0.0177342389
267	0.0190432724
268	0.020231491
269	0.0204371493
270	0.0204895139
271	0.02076458
272	0.0224685147
273	0.0247845072
274	0.0254017282
275	0.0242240001
276	0.022849042
277	0.0227934457
278	0.0245217662
279	0.0264149532
280	0.0276775602
281	0.0293888524
282	0.0308098681
283	0.032294631
284	0.0341906622
285	0.035708338
286	0.0380026065
287	0.0403599441
288	0.0414323024
289	0.0427428186
290	0.0443856567
291	0.0479742587
292	0.0551803485
293	0.0594560504
294	0.0564290956
295	0.0502780415
296	0.0466096103
297	0.0445192084
298	0.0427045152
299	0.0415954441
300	0.0400371663
301	0.0384995975
302	0.0371055827
303	0.0349724926
304	0.0334513076
305	0.0314221568
306	0.0282190721
307	0.0266973414
308	0.0274060275
309	0.0284053162
310	0.027798146
311	0.0251325313
312	0.0225999206
313	0.0218612943
314	0.0217820648
315	0.0217004567
316	0.021437237
317	0.0211342834
318	0.0206286926
319	0.0198940076
320	0.0193309337
321	0.0194995236
322	0.0207194332
323	0.0217472147
324	0.0212715156
325	0.0196661577
326	0.0184831861
327	0.0178414062
328	0.0171424318
329	0.0168306921
330	0.0166853201
331	0.0165573843
332	0.0164887998
333	0.0165305529
334	0.0166917089
335	0.0173248183
336	0.0185107253
337	0.0190438237
338	0.0189766176
339	0.0187151022
340	0.0177983921
341	0.0155102648
342	0.0134091591
343	0.0131912865
344	0.0140777454
345	0.0151984217
346	0.0174077805
347	0.0211090464
348	0.0228686798
349	0.0210506711
350	0.0182536654
351	0.0173794869
352	0.0178606883
353	0.0185756013
354	0.0189601704
355	0.0192718189
356	0.0196310617
357	0.0202120543
358	0.0208126064
359	0.0208850484
360	0.0200625882
361	0.0190719683
362	0.0188487899
363	0.0194469802
364	0.0199989323
365	0.0196717642
366	0.0187858026
367	0.0184325371
368	0.0187601615
369	0.0191669371
370	0.0194066744
371	0.0191543791
372	0.0189825837
373	0.0199707337
374	0.022609517
375	0.0244315378
376	0.0240157917
377	0.0228725243
378	0.022152612
379	0.0206315368
380	0.0189161468
381	0.0190018229
382	0.0209266245
383	0.0227470007
384	0.023549933
385	0.0246015601
386	0.02508731
387	0.0238582864
388	0.0219252799
389	0.0213690996
390	0.0223214366
391	0.0235261917
392	0.0241144709
393	0.0246487185
394	0.0252852216
395	0.0276920293
396	0.0317631178
397	0.0336327069
398	0.0332163647
399	0.032230746
400	0.0315447077
401	0.0313228704
402	0.0313221402
403	0.031480439
404	0.0317847729
405	0.0317295007
406	0.031158492
407	0.0305290837
408	0.030374486
409	0.0312481988
410	0.032210391
411	0.0326586738
412	0.0333748721
413	0.0335266292
414	0.0316146985
415	0.0285678599
416	0.0270229355
417	0.0259525869
418	0.024909297
419	0.0241239537
420	0.0229247827
421	0.0220229775
422	0.0213218015
423	0.0202952921
424	0.0199561901
425	0.0211545825
426	0.0226664171
427	0.0227825176
428	0.0214159414
429	0.0201692097
430	0.0196560565
431	0.0188944377
432	0.0185841229
433	0.0197018981
434	0.0211423673
435	0.0209548362
436	0.0188550558
437	0.0170155205
438	0.0172539372
439	0.0185340587
440	0.0192074496
441	0.0184841435
442	0.0174259599
443	0.017091196
444	0.0166161451
445	0.0163192358
446	0.0172264818
447	0.0192950796
448	0.0203438643
449	0.0186194628
450	0.0158823542
451	0.0151199009
452	0.0172829181
453	0.0196119435
454	0.0199365839
455	0.0201460663
456	0.0205540843
457	0.0227247272
458	0.026126394
459	0.0269868802
460	0.0237010885
461	0.0198844597
462	0.0187774934
463	0.0182706974
464	0.0180144906
465	0.0182802845
466	0.0189243145
467	0.0192354359
468	0.0196705814
469	0.0201274958
470	0.0203083418
471	0.0208819807
472	0.0213227645
473	0.0214224048
474	0.021488132
475	0.0212423839
476	0.0193469003
477	0.0171392616
478	0.0168354418
479	0.0181978177
480	0.019236559
481	0.0189796593
482	0.0185135026
483	0.0184052102
484	0.0198820066
485	0.0215634797
486	0.021537805
487	0.0206998922
488	0.0199511629
489	0.0192026552
490	0.0181396846
491	0.0178379454
492	0.0187502671
493	0.0198537987
494	0.0204687677
495	0.0218209606
496	0.0226405915
497	0.0212807544
498	0.0187243801
499	0.0177555997
500	0.0199411325
501	0.0225007497
502	0.0224521849
503	0.0209657513
504	0.0197871439
505	0.0192301236
506	0.0185742751
507	0.0184307247
508	0.019032862
509	0.0198054612
510	0.0200734232
511	0.019720979
512	0.0193309747
513	0.018510066
514	0.0172389634
515	0.0170501322
516	0.0190812051
517	0.0214200076
518	0.0225866642
519	0.0240835566
520	0.0248499345
521	0.0236371662
522	0.021535093
523	0.0205021203
524	0.0197237432
525	0.0191080607
526	0.0191663988
527	0.0197758917
528	0.0201029554
529	0.0196264721
530	0.0189053547
531	0.0185772013
532	0.0180972237
533	0.0175918564
534	0.0175951831
535	0.0181692708
536	0.018447239
537	0.0188838243
538	0.0195553228
539	0.0198668335
540	0.0201062635
541	0.0203118529
542	0.0206053481
543	0.0210485701
544	0.0212279335
545	0.0208963603
546	0.0204032622
547	0.0198492557
548	0.0185138602
549	0.0177375246
550	0.0190716088
551	0.0213383492
552	0.0218217
553	0.0201236848
554	0.0183904748
555	0.0184976943
556	0.0197433103
557	0.0204316489
558	0.0195986032
559	0.0183048006
560	0.0177370775
561	0.0172222015
562	0.0170887932
563	0.018716963
564	0.022057686
565	0.0236781035
566	0.0224431287
567	0.0206330027
568	0.0203627981
569	0.0213517882
570	0.0223086514
571	0.0229116976
572	0.023648832
573	0.0238677152
574	0.023122495
575	0.0222540218
576	0.0219194479
577	0.0214077644
578	0.0211492423
579	0.021562865
580	0.0222828165
581	0.0228974465
582	0.0243072733
583	0.0252872314
584	0.02420865
585	0.0218560267
586	0.0207000189
587	0.0208369344
588	0.0212549269
589	0.0218258295
590	0.0230455119
591	0.0239672773
592	0.0241088402
593	0.0240705572
594	0.0240141992
595	0.0230255928
596	0.0223185346
597	0.0241838302
598	0.0284974668
599	0.0306968633
600	0.0286623072
601	0.0256507248
602	0.0250204504
603	0.0259925127
604	0.0267340019
605	0.0262850262
606	0.0254265554
607	0.0247874316
608	0.0238652695
609	0.0230376832
610	0.0230296701
611	0.0234916937
612	0.0238586124
613	0.0239759814
614	0.0240209922
615	0.0240130555
616	0.023969207
617	0.0238713026
618	0.0234644264
619	0.0226687696
620	0.0220453553
621	0.0207722075
622	0.0195237566
623	0.0192774031
624	0.019080149
625	0.0190668758
626	0.0202189013
627	0.0219254978
628	0.0224116482
629	0.0218937993
630	0.0212192386
631	0.0204285178
632	0.0192730613
633	0.0189481359
634	0.0198986214
635	0.0208609868
636	0.0206612833
637	0.0199450813
638	0.0195462387
639	0.0202426203
640	0.0212749671
641	0.0214960855
642	0.0217217039
643	0.0215810332
644	0.020062685
645	0.0177667346
646	0.0170034971
647	0.0182707962
648	0.0196944177
649	0.019646097
650	0.0187955108
651	0.0184172727
652	0.0189625043
653	0.0197048411
654	0.0202447046
655	0.0214601606
656	0.0224333964
657	0.0231790077
658	0.0241645481
659	0.0243515708
660	0.0240009446
661	0.0232975632
662	0.021014154
663	0.01676175
664	0.0150458673
665	0.0187402908
666	0.0230966695
667	0.0227132253
668	0.0195075423
669	0.0171480794
670	0.0165628009
671	0.0163986329
672	0.0166979562
673	0.0182357952
674	0.0195232127
675	0.0188158993
676	0.0170027949
677	0.0164709873
678	0.0174698196
679	0.0185681805
680	0.0187164228
681	0.0184459668
682	0.0186584629
683	0.0206731148
684	0.0229043495
685	0.0226332042
686	0.0199227761
687	0.0182883032
688	0.0190506987
689	0.0203149412
690	0.0210295897
691	0.0214111637
692	0.0215907339
693	0.0212363042
694	0.0204491001
695	0.0200898554
696	0.0186075885
697	0.0171436463
698	0.0162856467
699	0.014330239
700	0.0138611682
701	0.0164361
702	0.0193647016
703	0.0198511202
704	0.0192511827
705	0.0188719798
706	0.019290166
707	0.0199293867
708	0.0205067359
709	0.0221518967
710	0.0231639855
711	0.0215441547
712	0.0186746065
713	0.0173258912
714	0.0159122031
715	0.0149393789
716	0.0153566478
717	0.0162364002
718	0.0167642515
719	0.0177187864
720	0.0186569057
721	0.018979175
722	0.0194185898
723	0.0196138266
724	0.018756425
725	0.0177088194
726	0.0175014008
727	0.0171362702
728	0.0169971623
729	0.0171303041
730	0.0171809345
731	0.0169445276
732	0.0162961297
733	0.0160696842
734	0.0173550118
735	0.0191725176
736	0.0191290434
737	0.0163056124
738	0.0138052739
739	0.0135277519
740	0.0138517795
741	0.0142302373
742	0.0157581773
743	0.0172181688
744	0.0173858162
745	0.0171211008
746	0.0166407581
747	0.015920192
748	0.0154049313
749	0.0155274346
750	0.0159364436
751	0.0163834132
752	0.0175055228
753	0.0187069941
754	0.0184069686
755	0.0162817817
756	0.0151018091
757	0.0163645409
758	0.0181182586
759	0.018318167
760	0.0176915098
761	0.0173407085
762	0.0177075528
763	0.0182028562
764	0.0182860512
765	0.018118754
766	0.0181694049
767	0.0204068236
768	0.02387009
769	0.0241026171
770	0.0205418523
771	0.0175096858
772	0.0170238856
773	0.016939044
774	0.0171554368
775	0.0188403875
776	0.0200025514
777	0.0185634065
778	0.0161603689
779	0.0155551424
780	0.0166515615
781	0.017733179
782	0.0176609382
783	0.0170418955
784	0.0169111062
785	0.0181167498
786	0.0194586143
787	0.0206592884
788	0.0228318684
789	0.0233981814
790	0.0209233463
791	0.0181796234
792	0.0176908448
793	0.0181396306
794	0.0186992548
795	0.0204876382
796	0.022233488
797	0.0216273982
798	0.0193782169
799	0.0178444702
800	0.0170741249
801	0.0166740865
802	0.0168967377
803	0.0172283705
804	0.017265819
805	0.017120583
806	0.016951818
807	0.016918743
808	0.0173635315
809	0.0174609628
810	0.016780572
811	0.0158934202
812	0.0150664002
813	0.0137482509
814	0.0133587737
815	0.0157291591
816	0.0187453441
817	0.0193897709
818	0.0188507698
819	0.0182909444
820	0.0172502957
821	0.0161040779
822	0.0167111978
823	0.019659156
824	0.0213866029
825	0.0196472909
826	0.0171906631
827	0.0169235729
828	0.0173380245
829	0.017737532
830	0.0181967486
831	0.0184709616
832	0.0177705996
833	0.0160392132
834	0.0151462648
835	0.0152977789
836	0.0155530348
837	0.0155843869
838	0.0154227363
839	0.015835993
840	0.0181374345
841	0.0206002519
842	0.0205385983
843	0.0189808216
844	0.018036956
845	0.0183867943
846	0.0190753769
847	0.0197896902
848	0.0212553013
849	0.0219796542
850	0.0215845704
851	0.0208121091
852	0.0195648409
853	0.0171637759
854	0.0158397518
855	0.016011335
856	0.0163747985
857	0.0161948502
858	0.0158970188
859	0.0158582032
860	0.0169535987
861	0.0179958474
862	0.0173570104
863	0.0158202611
864	0.014910154
865	0.0159095414
866	0.0172809511
867	0.018047275
868	0.0194275547
869	0.0196919441
870	0.0171224922
871	0.0146985259
872	0.0159378201
873	0.0192723311
874	0.0207397379
875	0.020577997
876	0.0202115383
877	0.0194118209
878	0.0176927317
879	0.0167455338
880	0.0155704413
881	0.0147244371
882	0.0154920146
883	0.0171811059
884	0.0181160104
885	0.0194093231
886	0.0200293288
887	0.0179231931
888	0.0146634812
889	0.0141525203
890	0.0159646068
891	0.0173408408
892	0.0168832652
893	0.0159548689
894	0.0159483664
895	0.0168735702
896	0.0173743609
897	0.016925849
898	0.0164751392
899	0.0170965921
900	0.0189026818
901	0.0197158027
902	0.0190221071
903	0.0181463622
904	0.0179538708
905	0.0181779135
906	0.0185454413
907	0.0202137567
908	0.0217363536
909	0.0204304848
910	0.0171159562
911	0.0159110837
912	0.017244963
913	0.018649647
914	0.0191321969
915	0.0196547732
916	0.0195169728
917	0.0185112096
918	0.0175496917
919	0.0168995038
920	0.0163318999
921	0.0168580953
922	0.0198281053
923	0.0216954648
924	0.0197523497
925	0.0166628249
926	0.0153604299
927	0.0143106272
928	0.0140578467
929	0.0154022137
930	0.0169409253
931	0.0168767795
932	0.0157844685
933	0.0151779829
934	0.0152044203
935	0.015311501
936	0.0156316273
937	0.0165560208
938	0.0173509438
939	0.0186287723
940	0.0194760859
941	0.018168781
942	0.0155912926
943	0.0145647507
944	0.0145881819
945	0.0146353981
946	0.0159169082
947	0.0179954078
948	0.0179673117
949	0.0163176451
950	0.0154790059
951	0.0161924884
952	0.017039869
953	0.0170056
954	0.0165892094
955	0.0163792763
956	0.0168493148
957	0.017307708
958	0.0168066006
959	0.0158074368
960	0.015685549
961	0.0157444924
962	0.0157207027
963	0.0155000715
964	0.0151461875
965	0.0153595395
966	0.0168275796
967	0.0175198894
968	0.0164553858
969	0.0151880728
970	0.0150955478
971	0.0156641509
972	0.0162069183
973	0.0171976723
974	0.0180699937
975	0.0178874899
976	0.0173579231
977	0.0180550907
978	0.021310119
979	0.0237011239
980	0.0233322158
981	0.0222145375
982	0.0209961534
983	0.0184040256
984	0.0166961867
985	0.017111944
986	0.0181270503
987	0.0190681461
988	0.0210048743
989	0.0218625646
990	0.0213687513
991	0.0207796693
992	0.0204375181
993	0.0198067743
994	0.0192213375
995	0.0180019662
996	0.0172675401
997	0.0183565952
998	0.0197454337
999	0.0190488715
1000	0.0170471612
1001	0.0160998199
1002	0.0165859777
1003	0.0172462258
1004	0.0174138099
1005	0.0175834559
1006	0.0183688235
1007	0.0215637721
1008	0.0238432661
1009	0.0227192398
1010	0.0206699856
1011	0.0197273493
1012	0.0182325803
1013	0.017532276
1014	0.0170343593
1015	0.0167416688
1016	0.0182832815
1017	0.0212583896
1018	0.0220022667
1019	0.0198866893
1020	0.0180150941
1021	0.018219104
1022	0.0190226454
1023	0.0195575356
1024	0.0209035389
1025	0.0213989969
1026	0.0182065032
1027	0.0148515664
1028	0.0160663445
1029	0.0193458982
1030	0.0200516544
1031	0.0168179832
1032	0.0143698119
1033	0.0159694441
1034	0.0187081378
1035	0.01960673
1036	0.0199416
1037	0.0201241802
1038	0.0206202548
1039	0.020968847
1040	0.0201527905
1041	0.0186131131
1042	0.0185044389
1043	0.0207445212
1044	0.0223880336
1045	0.0219803564
1046	0.0211187601
1047	0.0203781538
1048	0.0190330707
1049	0.0185683705
1050	0.0195215419
1051	0.0204486474
1052	0.0204339661
1053	0.0201646276
1054	0.0197862741
1055	0.0192497
1056	0.0192660615
1057	0.0214881506
1058	0.0238054581
1059	0.0224415753
1060	0.0186942741
1061	0.0168409385
1062	0.0170139782
1063	0.0174216032
1064	0.0166847017
1065	0.0154852858
1066	0.0159592479
1067	0.018468678
1068	0.0198977161
1069	0.0201459602
1070	0.0200351141
1071	0.0189085528
1072	0.016979875
1073	0.0163236968
1074	0.0166530386
1075	0.0172968693
1076	0.0194593593
1077	0.0219989829
1078	0.0219194833
1079	0.0202612691
1080	0.0199416541
1081	0.0218449887
1082	0.0231146589
1083	0.0203753654
1084	0.0161816329
1085	0.0161130764
1086	0.0187228378
1087	0.0201690719
1088	0.0198546462
1089	0.0191542506
1090	0.0183613859
1091	0.0173784737
1092	0.0171333607
1093	0.0175018329
1094	0.0178021789
1095	0.018377468
1096	0.0191012081
1097	0.0187995862
1098	0.0174809657
1099	0.0173678976
1100	0.0187003035
1101	0.019715501
1102	0.0188687984
1103	0.0176203195
1104	0.0182497483
1105	0.0199714154
1106	0.0206369162
1107	0.0197298713
1108	0.0188129582
1109	0.0193043035
1110	0.0203687157
1111	0.0202563703
1112	0.0189800579
1113	0.0184791107
1114	0.0197299812
1115	0.0207334086
1116	0.019276008
1117	0.0168285649
1118	0.0166201442
1119	0.0182664804
1120	0.0189468749
1121	0.0172705222
1122	0.0156671442
1123	0.0173996817
1124	0.0210480131
1125	0.0215167217
1126	0.0194394607
1127	0.0177925918
1128	0.0162688531
1129	0.015062117
1130	0.0157256778
1131	0.0173250642
1132	0.0179604907
1133	0.0187438726
1134	0.0192751754
1135	0.0188029204
1136	0.018272832
1137	0.0185470674
1138	0.0188321639
1139	0.0187816285
1140	0.0177371167
1141	0.0169477295
1142	0.0168063305
1143	0.0169436298
1144	0.0178776439
1145	0.0194989499
1146	0.0194579847
1147	0.0174916331
1148	0.0163141284
1149	0.0180971175
1150	0.0204683077
1151	0.0208630897
1152	0.0205250122
1153	0.0201122928
1154	0.0199847333
1155	0.0199954472
1156	0.0195723474
1157	0.0189477578
1158	0.017997846
1159	0.016186282
1160	0.0158398971
1161	0.0177520327
1162	0.0190918185
1163	0.0195521396
1164	0.0198559854
1165	0.0186196584
1166	0.01594669
1167	0.0155638456
1168	0.0164228808
1169	0.0167136732
1170	0.0146180401
1171	0.0125936558
1172	0.0136838658
1173	0.0159141533
1174	0.0164538659
1175	0.0153430216
1176	0.0149197299
1177	0.0164965168
1178	0.0179814883
1179	0.0180217344
1180	0.017968012
1181	0.0179143604
1182	0.0175494701
1183	0.0173148997
1184	0.0177674834
1185	0.0180542916
1186	0.017700579
1187	0.0174990743
1188	0.0179590788
1189	0.0193538629
1190	0.0196054131
1191	0.0179322362
1192	0.0165723432
1193	0.0172804277
1194	0.0185022876
1195	0.0183570087
1196	0.0177014377
1197	0.0177315194
1198	0.0184794553
1199	0.0189636853
1200	0.0184302777
1201	0.0175478682
1202	0.0170241799
1203	0.0165620241
1204	0.0167263281
1205	0.0184181444
1206	0.019550845
1207	0.0203324705
1208	0.0210000388
1209	0.0206506811
1210	0.0199375916
1211	0.0196703319
1212	0.0190299992
1213	0.0188553203
1214	0.0189014077
1215	0.0188484546
1216	0.01854253
1217	0.0180103518
1218	0.0176053029
1219	0.0171889067
1220	0.0172943659
1221	0.0184326824
1222	0.0193134882
1223	0.0194524117
1224	0.019271262
1225	0.0179952197
1226	0.0156183084
1227	0.0154197551
1228	0.0181764159
1229	0.0197913498
1230	0.0196269378
1231	0.0193801932
1232	0.0189226195
1233	0.0180909783
1234	0.0184974056
1235	0.019951703
1236	0.0205868147
1237	0.0201120246
1238	0.0196088031
1239	0.0190126076
1240	0.0183680765
1241	0.0192102902
1242	0.0214847904
1243	0.0223215055
1244	0.0224452633
1245	0.0222626142
1246	0.0206990968
1247	0.0190517381
1248	0.0187886935
1249	0.018929461
1250	0.0190872177
1251	0.0195882898
1252	0.0200835243
1253	0.0213358458
1254	0.0221144427
1255	0.0214971527
1256	0.0203790665
1257	0.0185639001
1258	0.0158340931
1259	0.0156269576
1260	0.017760735
1261	0.0194201656
1262	0.0220316723
1263	0.0239608623
1264	0.0235462375
1265	0.0227469113
1266	0.0220196135
1267	0.0208410528
1268	0.0205740184
1269	0.0212256741
1270	0.0216585193
1271	0.0199775975
1272	0.0182318352
1273	0.0177622195
1274	0.0171645973
1275	0.0180910844
1276	0.0201946143
1277	0.0210990552
1278	0.0215127617
1279	0.0217318889
1280	0.0211037826
1281	0.0204309653
1282	0.0202771332
1283	0.0198348444
1284	0.0200181156
1285	0.0208869893
1286	0.0212030988
1287	0.021385584
1288	0.0212452915
1289	0.0195508674
1290	0.0177187175
1291	0.0189535972
1292	0.0223649517
1293	0.023584839
1294	0.0235482734
1295	0.0234849509
1296	0.0241222363
1297	0.0246305503
1298	0.0240594335
1299	0.0231420621
1300	0.022080835
1301	0.0202622674
1302	0.020040445
1303	0.0207906011
1304	0.0210890491
1305	0.0203641653
1306	0.0197591018
1307	0.0202035327
1308	0.0210814346
1309	0.0226978566
1310	0.0252857897
1311	0.0242342055
1312	0.0182134621
1313	0.0161769409
1314	0.0211201552
1315	0.0251478143
1316	0.0249020588
1317	0.0238986034
1318	0.0225395206
1319	0.0201258492
1320	0.0195095129
1321	0.0197182074
1322	0.0199342817
1323	0.020488942
1324	0.0210469477
1325	0.0222092383
1326	0.0233202484
1327	0.0221304763
1328	0.0196125638
1329	0.0190506075
1330	0.0193585847
1331	0.0195567235
1332	0.0197190996
1333	0.0196263324
1334	0.0197731964
1335	0.0199886002
1336	0.0192556232
1337	0.0181112606
1338	0.0182657409
1339	0.0194836296
1340	0.0206095949
1341	0.0229692012
1342	0.0243142527
1343	0.0248826742
1344	0.0250052288
1345	0.0242065825
1346	0.0233061966
1347	0.0224742852
1348	0.020947339
1349	0.0205097869
1350	0.0207640845
1351	0.0212961137
1352	0.0245968271
1353	0.026685534
1354	0.0244229902
1355	0.0221479032
1356	0.0238156728
1357	0.0264276005
1358	0.0258086585
1359	0.0230698083
1360	0.0214208905
1361	0.0193360895
1362	0.0184600521
1363	0.0191937275
1364	0.0198738743
1365	0.0208073631
1366	0.0217305664
1367	0.0202790089
1368	0.0176122859
1369	0.017056575
1370	0.0174971912
1371	0.0178914331
1372	0.0189788826
1373	0.0197234508
1374	0.0198834408
1375	0.0198943447
1376	0.0194649193
1377	0.0188285131
1378	0.0183438435
1379	0.0174117982
1380	0.0169705246
1381	0.0166871008
1382	0.0170698464
1383	0.0187804587
1384	0.019873824
1385	0.0183037296
1386	0.0165591296
1387	0.0170388818
1388	0.0180166624
1389	0.0191219207
1390	0.021513192
1391	0.021655947
1392	0.0200874172
1393	0.0192066338
1394	0.018684363
1395	0.0185520276
1396	0.0185784232
1397	0.0188640375
1398	0.0220301282
1399	0.0264180247
1400	0.0253820363
1401	0.021278359
1402	0.0199019313
1403	0.0194004942
1404	0.0188289657
1405	0.016831072
1406	0.0156501587
1407	0.015725784
1408	0.0157247465
1409	0.0162168313
1410	0.0172468182
1411	0.0181713421
1412	0.0198264495
1413	0.0198700745
1414	0.0185155943
1415	0.0177290514
1416	0.0171875209
1417	0.0171585474
1418	0.0176074505
1419	0.017796101
1420	0.0174054522
1421	0.0170315448
1422	0.0178932156
1423	0.0195143037
1424	0.0189437401
1425	0.0168681722
1426	0.0165798441
1427	0.018243691
1428	0.0189077724
1429	0.0179101732
1430	0.0171154942
1431	0.0173221119
1432	0.0180238094
1433	0.0205750838
1434	0.0236445069
1435	0.0221024752
1436	0.0179807264
1437	0.0163104367
1438	0.0148739703
1439	0.0148701826
1440	0.0171155222
1441	0.0184920691
1442	0.0190621261
1443	0.019396292
1444	0.019211499
1445	0.0189586896
1446	0.0183934122
1447	0.0173831731
1448	0.0173262209
1449	0.0177723859
1450	0.0175014865
1451	0.0163500849
1452	0.0156332161
1453	0.0153774861
1454	0.0154207647
1455	0.016924927
1456	0.0181750786
1457	0.0188844651
1458	0.0193600636
1459	0.0174709167
1460	0.0145465424
1461	0.0150594758
1462	0.0174766574
1463	0.0178761315
1464	0.017984964
1465	0.0178063065
1466	0.017277563
1467	0.0167979691
1468	0.0157206692
1469	0.0153238336
1470	0.0183139984
1471	0.0208803061
1472	0.0184623394
1473	0.0149953868
1474	0.0144160232
1475	0.0144753298
1476	0.0138758486
1477	0.0127531057
1478	0.0133746248
1479	0.0162671171
1480	0.0177928619
1481	0.0184035227
1482	0.0180787537
1483	0.0151814455
1484	0.0128287999
1485	0.0142129818
1486	0.0159967802
1487	0.0153726954
1488	0.0145655861
1489	0.0153870136
1490	0.0173410345
1491	0.0181676187
1492	0.0185995698
1493	0.0193432197
1494	0.0218484737
1495	0.0221931525
1496	0.0171813983
1497	0.0144756017
1498	0.0170130804
1499	0.0188101158
1500	0.0177749619
1501	0.0164827146
1502	0.0155849839
1503	0.0151561443
1504	0.0169156734
1505	0.0199766383
1506	0.0193906724
1507	0.0159297641
1508	0.0147986719
1509	0.0146154296
1510	0.0147477081
1511	0.0157075319
1512	0.0163304191
1513	0.0171250403
1514	0.0175380409
1515	0.0165053867
1516	0.0153345037
1517	0.0146790575
1518	0.0144055048
1519	0.0154404929
1520	0.0169893671
1521	0.0176697746
1522	0.018121589
1523	0.0181537457
1524	0.0180260632
1525	0.0175097696
1526	0.0158607811
1527	0.0155050382
1528	0.0167495031
1529	0.0176176168
1530	0.0180099532
1531	0.0183283966
1532	0.0184415672
1533	0.0182615183
1534	0.0167176183
1535	0.0151092093
1536	0.0160080753
1537	0.0176567994
1538	0.0174892526
1539	0.0164005235
1540	0.0167285092
1541	0.0179542564
1542	0.0176899787
1543	0.0163511243
1544	0.0154896751
1545	0.0150444573
1546	0.0147756711
1547	0.0148984557
1548	0.0151381018
1549	0.0158538576
1550	0.0167107731
1551	0.0178463999
1552	0.0188547745
1553	0.0177824609
1554	0.0161387883
1555	0.0160230957
1556	0.0159548149
1557	0.0150861302
1558	0.0135890394
1559	0.0134770731
1560	0.0138667924
1561	0.0146628683
1562	0.0159422401
1563	0.0163261984
1564	0.017167883
1565	0.0179064292
1566	0.0194628164
1567	0.0196206756
1568	0.0165008139
1569	0.0145509029
1570	0.0143883778
1571	0.0141884601
1572	0.0127549311
1573	0.0116561167
1574	0.0134946015
1575	0.0156425871
1576	0.0152205629
1577	0.014257689
1578	0.0137207061
1579	0.0130994394
1580	0.0123342909
1581	0.0113597084
1582	0.0121031338
1583	0.0145040844
1584	0.0151708582
1585	0.0146983368
1586	0.0144515429
1587	0.0133937253
1588	0.0135107273
1589	0.0161102414
1590	0.0173679646
1591	0.0164576713
1592	0.0158399511
1593	0.0147313718
1594	0.0140594319
1595	0.0145605514
1596	0.0151282949
1597	0.0146896169
1598	0.0139604323
1599	0.014306427
1600	0.0147657413
1601	0.0132548911
1602	0.0113941161
1603	0.0133245261
1604	0.0167706348
1605	0.0164474472
1606	0.0141703459
1607	0.0135163581
1608	0.0134624355
1609	0.0132885324
1610	0.0129834004
1611	0.013053773
1612	0.0127823539
1613	0.012541947
1614	0.0117837535
1615	0.0119444905
1616	0.0139696049
1617	0.0141632371
1618	0.0108501678
1619	0.00934276264
1620	0.0120825274
1621	0.0139265088
1622	0.0133100469
1623	0.0127404211
1624	0.0134581327
1625	0.0139893247
1626	0.0122863501
1627	0.0108885551
1628	0.0139412023
1629	0.0172753837
1630	0.0158229657
1631	0.013449749
1632	0.0129446723
1633	0.0128095243
1634	0.0120114591
1635	0.0109548792
1636	0.0121672302
1637	0.0142944381
1638	0.0134435026
1639	0.0107440092
1640	0.0104401782
1641	0.011443709
1642	0.0122382492
1643	0.0132770631
1644	0.0131765921
1645	0.0119254589
1646	0.0112475678
1647	0.0106428834
1648	0.0115821389
1649	0.0153295211
1650	0.0156705547
1651	0.0110890353
1652	0.00882465579
1653	0.00907656923
1654	0.00928902254
1655	0.00870350655
1656	0.00842696428
1657	0.00873871148
1658	0.0092602307
1659	0.0113100074
1660	0.0124743786
1661	0.0118098576
1662	0.0112207476
1663	0.00959653035
1664	0.00844289083
1665	0.007705044
1666	0.00720342994
1667	0.00850406196
1668	0.0101882182
1669	0.0111252172
1670	0.0116560375
1671	0.0120373704
1672	0.012281863
1673	0.0109834168
1674	0.00901935901
1675	0.00778029626
1676	0.00688324962
1677	0.00827152841
1678	0.010159052
1679	0.0110126445
1680	0.0116845239
1681	0.0106651075
1682	0.0089532733
1683	0.00946546812
1684	0.0107503412
1685	0.0116181606
1686	0.0124201374
1687	0.0113745276
1688	0.00903170649
1689	0.00984825101
1690	0.0124343233
1691	0.0132413367
1692	0.0133645041
1693	0.0113338307
1694	0.00691779982
1695	0.0066738259
1696	0.00885324832
1697	0.0111086229
1698	0.0139838299
1699	0.0139372023
1700	0.0113094822
1701	0.0107685681
1702	0.0112024108
1703	0.0109275291
1704	0.0096305646
1705	0.00970165431
1706	0.0106136817
1707	0.010236389
1708	0.00816594251
1709	0.00781339221
1710	0.00842223875
1711	0.00941782165
1712	0.011668724
1713	0.0118490234
1714	0.0100241592
1715	0.00901581161
1716	0.00747044152
1717	0.00749600306
1718	0.00930797216
1719	0.0100774057
1720	0.0107703898
1721	0.00984062254
1722	0.00633138698
1723	0.00551372021
1724	0.00733669335
1725	0.00774343638
1726	0.0073135579
1727	0.00769205112
1728	0.0098038828
1729	0.0106466562
1730	0.0113915754
1731	0.0111210803
1732	0.00892334245
1733	0.00787799805
1734	0.00617400138
1735	0.00632294593
1736	0.00914609991
1737	0.00990565214
1738	0.00976765994
1739	0.00947231986
1740	0.00850214437
1741	0.00858675223
1742	0.00909397565
1743	0.00980307255
1744	0.010884665
1745	0.0103288405
1746	0.00748148467
1747	0.00708394451
1748	0.00769464578
1749	0.00837884191
1750	0.00980603229
1751	0.00948634371
1752	0.00760441367
1753	0.00659495499
1754	0.00527292257
1755	0.00643067202
1756	0.0100276647
1757	0.0096909618
1758	0.00623175967
1759	0.00595877273
1760	0.00677351002
1761	0.00726238126
1762	0.00800877158
1763	0.00829592813
1764	0.00826113857
1765	0.0080368882
1766	0.00774712814
1767	0.00715125678
1768	0.0061421874
1769	0.00633594533
1770	0.00767163048
1771	0.00958442222
1772	0.01182409
1773	0.00976410508
1774	0.00601441273
1775	0.00732332002
1776	0.00941314548
1777	0.00771089224
1778	0.00525652617
1779	0.00726114586
1780	0.00999467354
1781	0.00897036213
1782	0.00749811996
1783	0.0063793906
1784	0.00527488673
1785	0.00632593734
1786	0.00755244074
1787	0.00711143902
1788	0.00680035166
1789	0.00660322094
1790	0.00685522147
1791	0.0109159537
1792	0.0136058284
1793	0.010411609
1794	0.00783163309
1795	0.00643973565
1796	0.00547935348
1797	0.00407805899
1798	0.0040850509
1799	0.00622197334
1800	0.00707267039
1801	0.00535928831
1802	0.00510987267
1803	0.00659453403
1804	0.00683717849
1805	0.00505396025
1806	0.00523615116
1807	0.00730006583
1808	0.00729981018
1809	0.00583920674
1810	0.00461003976
1811	0.00305788382
1812	0.00356771657
1813	0.00534090213
1814	0.00555483531
1815	0.00533129321
1816	0.00645340933
1817	0.00834425818
1818	0.00764758047
1819	0.00606745295
1820	0.00629245909
1821	0.00644991687
1822	0.00513194175
1823	0.00376517372
1824	0.00522556202
1825	0.00684628868
1826	0.00675152149
1827	0.0064978567
1828	0.00633074204
1829	0.00607376872
1830	0.00441566203
1831	0.00378271588
1832	0.00621893583
1833	0.00725172833
1834	0.0053692949
1835	0.00520608667
1836	0.00797498412
1837	0.0093431687
1838	0.00934598222
1839	0.00915250462
1840	0.00856293272
1841	0.00705247233
1842	0.00342399883
1843	0.00383646344
1844	0.00647187559
1845	0.00570409745
1846	0.00385510339
1847	0.00349233812
1848	0.00379913533
1849	0.00590298604
1850	0.00845951773
1851	0.00600855844
1852	0.00317465537
1853	0.0033966715
1854	0.00394851761
1855	0.00440967083
1856	0.00495430082
1857	0.00461672246
1858	0.0043820967
1859	0.00343532767
1860	0.00381067162
1861	0.00543835852
1862	0.00530563481
1863	0.00262040668
1864	0.00272939773
1865	0.00585001195
1866	0.00628214097
1867	0.00574610289
1868	0.00590826292
1869	0.00646317983
1870	0.00511546526
1871	0.00334217632
1872	0.00311941188
1873	0.00349421473
1874	0.00530364644
1875	0.00688482542
1876	0.00592150027
1877	0.00492556626
1878	0.0039876434
1879	0.00336469733
1880	0.00267369277
1881	0.00260549784
1882	0.00328332908
1883	0.00366986543
1884	0.00383927999
1885	0.00494637759
1886	0.00793079101
1887	0.00676825829
1888	0.00369339855
1889	0.00366266677
1890	0.00430387771
1891	0.00386212021
1892	0.00315539446
1893	0.00339719723
1894	0.00347318081
1895	0.00290250313
1896	0.00249229046
1897	0.00199893326
1898	0.00248116837
1899	0.00581516698
1900	0.00667212391
1901	0.00546772918
1902	0.00623767031
1903	0.0094701862
1904	0.00799282826
1905	0.00396123109
1906	0.00284453109
1907	0.00248302985
1908	0.00347573403
1909	0.00461144
1910	0.00621431181
1911	0.00731046312
1912	0.00439601904
1913	0.0026986734
1914	0.00307955453
1915	0.00333854812
1916	0.00379786384
1917	0.00375378062
1918	0.00301707955
1919	0.00266180746
1920	0.00241665682
1921	0.00343456399
1922	0.00537461881
1923	0.00425565103
1924	0.0032202017
1925	0.00746030686
1926	0.0105994726
1927	0.00520893512
1928	0.00131457893
1929	0.00131330627
1930	0.00104124949
1931	0.000116382107
1932	0.00124071154
1933	0.00494317105
1934	0.00474327197
1935	0.00270339916
1936	0.00356442225
1937	0.00528673269
1938	0.00214835466
1939	-0.000805151532
1940	0.0037484034
1941	0.00696052238
1942	0.00434940727
1943	0.00298693613
1944	0.00432337681
1945	0.0039493381
1946	0.000993460068
1947	0.000650026079
1948	0.00126764108
1949	0.00174587441
1950	0.00236271764
1951	0.00234312308
1952	0.0022208062
1953	0.003386528
1954	0.00439869054
1955	0.00529347034
1956	0.00499834353
1957	0.00261957129
1958	0.0019369995
1959	0.00261721667
1960	0.00311101857
1961	0.00373219
1962	0.00383371045
1963	0.00373344729
1964	0.00222281134
1965	0.000940006925
1966	0.00128224737
1967	0.00186516833
1968	0.00318175904
1969	0.00310724834
1970	0.00112405908
1971	0.0025683851
1972	0.0073106545
1973	0.00579421083
1974	0.00172323245
1975	0.000882384309
1976	0.000347889203
1977	0.000528186443
1978	0.000956554199
1979	0.00269026472
1980	0.00317179947
1981	0.00128300337
1982	0.000418423268
1983	-0.000273687532
1984	0.000613494019
1985	0.00231118943
1986	0.00250497111
1987	0.00252966559
1988	0.00101731892
1989	4.50293737e-06
1990	0.00113439327
1991	0.00269406731
1992	0.00599288568
1993	0.00531567493
1994	0.000853139732
1995	0.00165234075
1996	0.00405944325
1997	0.00181574014
1998	-0.000686414714
1999	0.000238046734
2000	0.00132067315
2001	0.00192370522
2002	0.00252339686
2003	0.00325614447
2004	0.00246501854
2005	0.000500548456
2006	0.000405201165
2007	0.00089913886
2008	0.00216584909
2009	0.00337821525
2010	0.00423684297
2011	0.00416790042
2012	0.00258690584
2013	0.00235694181
2014	0.00276923995
2015	0.00240408652
2016	0.00126398925
2017	0.000590725103
2018	0.000459490053
2019	0.00241109589
2020	0.00280005159
2021	-0.000460595882
2022	-0.000581719447
2023	0.00221203896
2024	0.00241074525
2025	0.00163017656
2026	0.000862105633
2027	0.000191625993
2028	0.00228005112
2029	0.00347168487
2030	0.00253430335
2031	0.00206340523
2032	0.00188287743
2033	0.00282547763
2034	0.00462433556
2035	0.00318138557
2036	0.00130159548
2037	-5.18943998e-05
2038	-0.000344388885
2039	0.00210697763
2040	0.00244030845
2041	0.000884365407
2042	0.000357324752
2043	0.000205261895
2044	0.00216553896
2045	0.00379552459
2046	0.000483818119
2047	-0.000986061408
2048	0.00157786836
2049	0.00199836842
2050	0.00111600768
2051	0.00137382396
2052	0.00179981301
2053	0.000566365197
2054	-0.00013068608
2055	0.00119549991
2056	0.00170934235
2057	0.00187934504
2058	0.0017000502
2059	0.00161552243
2060	0.00228568376
2061	0.00286632124
2062	0.000535075786
2063	-0.00073706801
2064	-0.00074052834
2065	-0.000325215835
2066	0.000629500428
2067	-0.000142643315
2068	-0.00177390175
2069	-0.000208618847
2070	0.000752199325
2071	-0.00231017079
2072	-0.00340204989
2073	-0.00294339517
2074	-0.00205647643
2075	-0.000405400147
2076	0.000479697133
2077	0.00120045641
2078	0.00204990478
2079	0.00233061682
2080	0.00208712881
2081	0.00339392736
2082	0.00621752674
2083	0.00534684537
2084	0.00381085533
2085	0.00110519619
2086	-0.000580756867
2087	0.000200154347
2088	0.000879416824
2089	0.00154172641
2090	0.000341675972
2091	-0.00149186898
2092	-0.00143051543
2093	-0.000601870939
2094	0.00378955784
2095	0.00394273503
2096	0.000372957438
2097	0.00181121379
2098	0.00468205381
2099	0.00122738571
2100	-0.00151538558
2101	-0.00171961274
2102	-0.00116950902
2103	0.000265286595
2104	0.000391485868
2105	9.8729055e-05
2106	-0.00112527597
2107	-0.0018339901
2108	-0.000479951792
2109	0.000566476549
2110	0.00135494513
2111	0.000708157138
2112	-0.000938097481
2113	-0.0022254684
2114	-0.00272387709
2115	-0.00144376943
2116	-0.000479744922
2117	0.000911326555
2118	0.000756750116
2119	0.000606238551
2120	0.00242812047
2121	0.00285301963
2122	-0.000556062674
2123	-0.00110340584
2124	0.000172198197
2125	-0.000390045927
2126	-0.00115230901
2127	-0.000101560829
2128	0.000535091851
2129	0.000840538181
2130	0.00121759286
2131	0.00197074655
2132	0.00216946099
2133	0.0018652397
2134	-0.00118742476
2135	-0.00210634153
2136	-0.000953825365
2137	-0.000123796635
2138	0.000484407006
2139	-0.00140446902
2140	-0.00189160474
2141	0.000348103902
2142	0.000750409381
2143	8.17036926e-05
2144	4.31271619e-05
2145	-0.000132929708
2146	-0.00158623769
2147	-0.00186288485
2148	-0.000536857871
2149	-0.000180106217
2150	-5.47980744e-05
2151	-0.00100414455
2152	-0.0017671237
2153	-0.0021877028
2154	-0.00184796797
2155	-0.000532720995
2156	0.000744943856
2157	0.00164315954
2158	-0.00118153787
2159	-0.00297312438
2160	-0.00458997628
2161	-0.00299181254
2162	-0.000107702435
2163	0.000223503885
2164	-0.000174370347
2165	-0.00212555402
2166	-0.00222284254
2167	-0.0013243244
2168	0.000125324121
2169	0.000682978018
2170	-0.00153883058
2171	-0.002701991
2172	-0.00273038447
2173	-0.00242799311
2174	-0.0017166296
2175	-0.000152858411
2176	0.000553437334
2177	0.000272645382
2178	-0.000309249037
2179	-0.000900913088
2180	-0.00135103904
2181	-0.00150630821
2182	-0.00173976447
2183	-0.00120708311
2184	-0.000358231569
2185	-0.000283886679
2186	-0.000224434843
2187	-0.000395081792
2188	-0.000980452518
2189	-0.00223758467
2190	-0.00165046344
2191	-0.00106629345
2192	-0.00210029515
2193	-0.00135336223
2194	0.00159149652
2195	-0.000173908717
2196	-0.00236790488
2197	-0.00205195649
2198	-0.00107512402
2199	0.000477103633
2200	-0.00143868604
2201	-0.00382176228
2202	-0.00201111333
2203	-0.000440850214
2204	0.00235320325
2205	0.00223346334
2206	0.0015115909
2207	-0.00111529964
2208	-0.00188183552
2209	0.000234108593
2210	-0.000910714327
2211	-0.00290517672
2212	-0.00294887647
2213	-0.00288119796
2214	-0.00310137658
2215	-0.00276201568
2216	-0.00228095846
2217	-0.00211824314
2218	-0.00179805525
2219	-0.00129385479
2220	-0.000665062107
2221	-0.000237855755
2222	-0.000601162785
2223	-0.00145181245
2224	-0.00416879961
2225	-0.00273861852
2226	-0.000532840495
2227	-0.00172735367
2228	-0.00291622663
2229	-0.00403833715
2230	-0.00239979848
2231	3.06767179e-05
2232	-0.00137645728
2233	-0.00206149556
2234	-0.00169487926
2235	-0.00136243959
2236	-0.00110938842
2237	-0.000740448886
2238	-0.0016453556
2239	-0.00382916047
2240	-0.0025204448
2241	-0.001005147
2242	-0.000646167435
2243	-0.00162567361
2244	-0.00328016188
2245	-0.00291489786
2246	-0.00120201544
2247	0.00372034428
2248	0.0023940152
2249	-0.00219300156
2250	-0.00171341561
2251	-0.0011530089
2252	-0.00143656973
2253	-0.00240512891
2254	-0.00366294524
2255	-0.00317893503
2256	-0.00259482162
2257	-0.00159138523
2258	-0.00196872582
2259	-0.00248806621
2260	-0.00131315493
2261	-0.00118935027
2262	-0.00139987073
2263	-0.00225473661
2264	-0.00277237408
2265	-0.00293793785
2266	-0.00295975199
2267	-0.00278408499
2268	-0.001380053
2269	-0.00119984359
2270	-0.00290544704
2271	-0.00284165889
2272	-0.00210242695
2273	-0.00206058077
2274	-0.00150608539
2275	2.19812464e-05
2276	-0.000291030679
2277	-0.000782717078
2278	-0.00181735517
2279	-0.00119712274
2280	-0.000554885133
2281	-0.00245982292
2282	-0.00244701514
2283	0.000733782188
2284	0.00033199403
2285	-0.000882702181
2286	-0.00270958059
2287	-0.00246329978
2288	-0.000467660429
2289	-0.000459243252
2290	-0.0011990323
2291	-0.00333331362
2292	-0.00342184305
2293	-0.00273684412
2294	-0.00144009385
2295	-0.00143624388
2296	-0.00187431707
2297	-0.00212373235
2298	-0.00212056609
2299	-0.00152303861
2300	-0.00122496695
2301	-0.000645698106
2302	0.000239621731
2303	-0.000421979406
2304	-0.00230659125
2305	-0.0022291916
2306	-0.00204052497
2307	-0.00259175082
2308	-0.00145679282
2309	-0.000153263944
2310	-0.00351415109
2311	-0.0038654143
2312	-0.00193794607
2313	-0.0024549712
2314	-0.00288698939
2315	-0.0036754827
2316	-0.00269464799
2317	-0.00155389041
2318	-0.00178865145
2319	-0.00323704281
2320	-0.00539926346
2321	-0.00363447913
2322	-0.00221375772
2323	-0.0014120586
2324	-0.00308187748
2325	-0.00405073958
2326	-0.00124968553
2327	-0.000970850349
2328	-0.00159595138
2329	-0.00136839843
2330	-0.00110818748
2331	-0.00125979667
2332	-0.00156499643
2333	-0.00240031583
2334	-0.0038765592
2335	-0.00406053243
2336	-0.0037623893
2337	-0.00335670286
2338	-0.00134394318
2339	0.00154007971
2340	-0.00209550536
2341	-0.00321565056
2342	-0.00176999578
2343	-0.00119669328
2344	-0.00154387415
2345	-0.00363389892
2346	0.000372018403
2347	0.00407085847
2348	-0.000116485542
2349	-0.000279129337
2350	0.000678626355
2351	-0.00126595434
2352	-0.00153357978
2353	-0.000689588953
2354	-0.00192969595
2355	-0.0034996171
2356	-0.0051240013
2357	-0.00377484038
2358	-0.00197283085
2359	0.000258468499
2360	0.00266810739
2361	0.00419389922
2362	-0.000659493206
2363	-0.00276405201
2364	-0.00352769252
2365	-0.00194742065
2366	-0.00187718146
2367	-0.00214024028
2368	-0.00211145706
2369	-0.00253523397
2370	-0.00398265431
2371	-0.00401489809
2372	-0.00346136675
2373	-0.00155962678
2374	-0.00206574379
2375	-0.00262582488
2376	-0.00256783632
2377	-0.00233301916
2378	-0.00199812953
2379	-0.000768333324
2380	-0.0025069362
2381	-0.00522247562
2382	-0.00392796006
2383	-0.00330755324
2384	-0.00341045065
2385	-0.00225682138
2386	-0.00211901427
2387	-0.00268765516
2388	-0.0045361165
2389	-0.00472545112
2390	-0.00207297574
2391	-0.00164572196
2392	-0.00144777901
2393	-0.000774809218
2394	-0.0026359437
2395	-0.00359455845
2396	-0.00268505374
2397	-0.00346489041
2398	-0.00420702621
2399	-0.0053609265
2400	-0.00416191807
2401	-0.00276742526
2402	-0.00411385903
2403	-0.00350107322
2404	-0.00228337618
2405	-0.00231359992
2406	-0.00241115084
2407	-0.00247364189
2408	-0.00209511584
2409	-0.00122087821
2410	-0.000718682655
2411	-0.00322413933
2412	-0.00371321617
2413	-0.00303316559
2414	-0.00248575024
2415	-0.00250935508
2416	-0.00274163322
2417	-0.00323544443
2418	-0.00270816474
2419	-0.00149143091
2420	-0.00231868355
2421	-0.00230178633
2422	-0.00148525008
2423	-0.00224565947
2424	-0.00196050713
2425	-0.001010151
2426	-0.00283905771
2427	-0.00336746685
2428	-0.00314514828
2429	-0.00155984913
2430	-0.00129268516
2431	-0.00233878731
2432	-0.00246127904
2433	-0.00278137135
2434	-0.00334547739
2435	-0.00515884627
2436	-0.00409764564
2437	-0.00145838375
2438	-0.00113928562
2439	-0.000725460821
2440	-0.000287721225
2441	-0.00292775477
2442	-0.00302583072
2443	-0.00214625429
2444	-0.00284562865
2445	-0.00230139634
2446	-0.00144574221
2447	-0.00222879415
2448	-0.00237226463
2449	-0.00208257791
2450	-0.00118861813
2451	-0.00258148811
2452	-0.00413408922
2453	-0.00316365226
2454	-0.00302649871
2455	-0.00271133846
2456	-0.0018464328
2457	-0.00192419032
2458	-0.00230075186
2459	-0.00281363167
2460	-0.00348752411
2461	-0.00337451533
2462	-0.00134938443
2463	-0.00196414371
2464	-0.00269141747
2465	-0.00357827358
2466	-0.00403050799
2467	-0.00431913603
2468	-0.00445759483
2469	-0.00304425554
2470	-0.00265228469
2471	-0.00245712674
2472	-0.00149415992
2473	-0.0019112149
2474	-0.00279853982
2475	-0.00253672176
2476	-0.00245118351
2477	-0.00192236109
2478	0.000668785127
2479	-0.000336130965
2480	-0.00209957128
2481	-0.00485285092
2482	-0.00366182299
2483	-0.0021477025
2484	-6.68586363e-05
2485	-0.00276211905
2486	-0.00337821478
2487	-0.00283021899
2488	-0.00388022768
2489	-0.00464631803
2490	-0.0047513796
2491	-0.0017579908
2492	-0.000439974945
2493	-0.000443515222
2494	-0.00345927384
2495	-0.00323679671
2496	-0.0030843995
2497	-0.00380650233
2498	-0.00382262096
2499	-0.00388753857
2500	-0.00346363336
2501	-0.00152085896
2502	-0.000573716185
2503	-0.000339217513
2504	-0.00225499924
2505	-0.00351533713
2506	-0.00336487358
2507	-0.00107427279
2508	-0.0037014985
2509	-0.00386017095
2510	-0.00210199761
2511	-0.00243053911
2512	-0.0011721265
2513	-0.000443602679
2514	-0.00374244433
2515	-0.00356682576
2516	-0.00363393081
2517	-0.00447315723
2518	-0.00227221521
2519	-0.00242362567
2520	-0.00410456723
2521	-0.00392702222
2522	-0.00246518571
2523	-0.000743448036
2524	0.000348310889
2525	-0.000749438885
2526	-0.00107498118
2527	-0.000805597287
2528	-0.000174163477
2529	-0.00199575117
2530	-0.00447437353
2531	-0.00328929536
2532	-0.00182049768
2533	-0.00166405947
2534	-0.00379077485
2535	-0.00199296651
2536	-0.00251754909
2537	-0.0040166094
2538	-0.00369914994
2539	-0.00266689085
2540	-0.00215245178
2541	-0.0027216333
2542	-0.00256229914
2543	-0.0029578181
2544	-0.00371958036
2545	-0.00344049861
2546	-0.0041541541
2547	-0.0036260148
2548	-0.00162549876
2549	-0.00236553373
2550	-0.00322885672
2551	-0.00417903857
2552	-0.00461663445
2553	-0.00277511799
2554	-0.00178399752
2555	-0.00329849194
2556	-0.00318871299
2557	-0.00264649303
2558	-0.00197102479
2559	-0.00242248015
2560	-0.00218946906
2561	-0.00234975806
2562	-0.00306261657
2563	-0.00355495652
2564	-0.00203983276
2565	-0.00103837752
2566	-0.00258313445
2567	-0.00392341847
2568	-0.00334146805
2569	-0.00184317876
2570	-0.00220508547
2571	-0.00293649756
2572	-0.00209392258
2573	-0.000206009558
2574	-0.00284629711
2575	-0.00266668457
2576	-0.00189376075
2577	-0.0019026231
2578	-0.000125753737
2579	-0.00155134499
2580	-0.00377548439
2581	-0.00297108106
2582	-0.0034900147
2583	-0.00410556095
2584	-0.00443644915
2585	-0.00306756562
2586	-0.0035852103
2587	-0.00363987358
2588	-0.00257131294
2589	-0.00321465614
2590	-0.00256113778
2591	-0.00288120587
2592	-0.00611327635
2593	-0.00299695157
2594	-0.00334669463
2595	-0.00366295269
2596	-0.000567494892
2597	-0.00149238564
2598	-0.0026493168
2599	-0.00359692913
2600	-0.0048125647
2601	-0.00285444362
2602	-0.00216264301
2603	-0.00235628174
2604	-0.00257779681
2605	-0.00199976866
2606	-0.0014305634
2607	-0.00103849662
2608	-0.00309932395
2609	-0.00363376294
2610	-0.00174947828
2611	0.000995981973
2612	-0.00200131163
2613	-0.00381772802
2614	-0.00394377625
2615	-0.00252751005
2616	-0.000634735159
2617	-0.000566420902
2618	-0.000692898582
2619	-0.00127429969
2620	-0.00484039448
2621	-0.00395348994
2622	-0.00256416108
2623	-0.00149831316
2624	-0.00175986812
2625	-0.00373257231
2626	-0.00384034589
2627	-0.00333125284
2628	-0.00533603225
2629	-0.00183426857
2630	-0.00113668432
2631	-0.00186015607
2632	-3.77571341e-05
2633	-0.000955639349
2634	-0.0028502827
2635	-0.00438422104
2636	-0.00411855988
2637	-0.00408351608
2638	-0.00180859619
2639	-0.00124922395
2640	-0.00472390885
2641	-0.00411241828
2642	-0.00391130196
2643	-0.00428133085
2644	-0.00476366142
2645	-0.00177103817
2646	-0.00276521384
2647	-0.00329811824
2648	-0.00269599259
2649	-0.0023063519
2650	-0.00469428115
2651	-0.00571009703
2652	-0.00483044004
2653	-0.00181404583
2654	-0.00367424171
2655	-0.00332952617
2656	-0.00238376833
2657	-0.00179273298
2658	-0.000983244856
2659	-0.00286916946
2660	-0.00360407354
2661	-0.00158802781
2662	0.00445758738
2663	-0.00168094109
2664	-0.00346901966
2665	-0.00358662684
2666	-0.00235333014
2667	-0.0028959401
2668	-0.00186421326
2669	-0.000722286408
2670	-0.000912249729
2671	-0.00619595125
2672	-0.00403134339
2673	-0.00387723604
2674	-0.00360845705
2675	-0.00259755831
2676	-0.00447329134
2677	-0.00264607207
2678	-0.0038305691
2679	-0.00442870054
2680	-0.000423371792
2681	-0.00271581789
2682	-0.0026315921
2683	-0.00292889215
2684	-0.00388247939
2685	-0.00518538756
2686	-0.000856870844
2687	-0.00194568653
2688	-0.00306555256
2689	-0.00279418775
2690	-0.00228907308
2691	-0.00464829057
2692	-0.00399944931
2693	-0.00255789189
2694	-0.00227519823
2695	-0.00185103074
2696	-0.00222588936
2697	-0.00235302816
2698	-0.00277066324
2699	-0.00248363428
2700	-0.00184393476
2701	-0.00321080605
2702	-0.00437739491
2703	-0.00488823
2704	-0.00470712176
2705	-0.00462100236
2706	-0.00392512092
2707	-0.00497761043
2708	-0.00490680663
2709	-0.00324138673
2710	-0.00272638281
2711	-0.00295650586
2712	-0.00310890283
2713	-0.00258129695
2714	-0.0013634339
2715	-0.000634640106
2716	-0.00169556355
2717	-0.00204066839
2718	-0.00239801663
2719	-0.00323705073
2720	-0.00280819787
2721	-0.00480914535
2722	-0.00348902005
2723	-0.00339121418
2724	-0.00376304169
2725	-0.00259600696
2726	-0.00153464591
2727	-0.00268172869
2728	-0.00277098152
2729	-0.00340165221
2730	-0.00436662277
2731	-0.00306895794
2732	-0.00347163668
2733	-0.00510237738
2734	-0.00447749114
2735	-0.00290318765
2736	-0.00260029477
2737	-0.00312678679
2738	-0.00442577247
2739	-0.00332671893
2740	-0.00331822992
2741	-0.00443773763
2742	-0.00472032838
2743	-0.00504468475
2744	-0.00144051563
2745	-0.000636668527
2746	-0.00236102263
2747	-0.00472827535
2748	-0.00461638905
2749	-0.00453556748
2750	-0.00423414633
2751	-0.0026489594
2752	-0.00289722043
2753	-0.00429347157
2754	-0.00200991216
2755	-0.00218588882
2756	-0.00308929989
2757	-0.00466414448
2758	-0.00320748845
2759	-0.000980381155
2760	-0.0049213809
